IDE,Integrated Development Environment
API,An API is a structured interface that enables different software systems to communicate, exchange data, and trigger actions reliably, allowing developers to integrate features and build complex applications more efficiently.
SQL,Structured Query Language
CLI,Command Line Interface
SDK,Software Development Kit
api, фывфывф
DB,Database
JSON,JavaScript Object Notation
OOP,Object-Oriented Programming
XML,eXtensible Markup Language
Ābols,Пример латышского слова
Zebra,Тест кириллицы
База,Пример кириллического слова
Čipsi,Еще латышское слово
